<?xml version="1.0" encoding="UTF-8"?>
<Configuration status="WARN">
    <Properties>
        <Property name="log-path">target/logs</Property>
        <Property name="log-pattern">%d{yyyy-MM-dd HH:mm:ss.SSS} [%t] %-5level %logger{36} - %msg%n</Property>
    </Properties>
    
    <Appenders>
        <Console name="Console" target="SYSTEM_OUT">
            <PatternLayout pattern="${log-pattern}"/>
        </Console>
        
        <RollingFile name="RollingFile" fileName="${log-path}/playwright-framework.log"
                     filePattern="${log-path}/playwright-framework-%d{yyyy-MM-dd}-%i.log">
            <PatternLayout pattern="${log-pattern}"/>
            <Policies>
                <TimeBasedTriggeringPolicy />
                <SizeBasedTriggeringPolicy size="10 MB"/>
            </Policies>
            <DefaultRolloverStrategy max="10"/>
        </RollingFile>
        
        <RollingFile name="TestLogFile" fileName="${log-path}/test-execution.log"
                     filePattern="${log-path}/test-execution-%d{yyyy-MM-dd}-%i.log">
            <PatternLayout pattern="${log-pattern}"/>
            <Policies>
                <TimeBasedTriggeringPolicy />
                <SizeBasedTriggeringPolicy size="10 MB"/>
            </Policies>
            <DefaultRolloverStrategy max="10"/>
        </RollingFile>
    </Appenders>
    
    <Loggers>
        <!-- Framework Loggers -->
        <Logger name="com.playwright.framework" level="DEBUG" additivity="false">
            <AppenderRef ref="Console"/>
            <AppenderRef ref="RollingFile"/>
        </Logger>
        
        <!-- Test Loggers -->
        <Logger name="com.playwright.framework.tests" level="INFO" additivity="false">
            <AppenderRef ref="Console"/>
            <AppenderRef ref="TestLogFile"/>
        </Logger>
        
        <!-- Playwright Loggers -->
        <Logger name="com.microsoft.playwright" level="INFO" additivity="false">
            <AppenderRef ref="Console"/>
            <AppenderRef ref="RollingFile"/>
        </Logger>
        
        <!-- LLM Client Loggers -->
        <Logger name="com.playwright.framework.llm" level="DEBUG" additivity="false">
            <AppenderRef ref="Console"/>
            <AppenderRef ref="RollingFile"/>
        </Logger>
        
        <!-- Root Logger -->
        <Root level="INFO">
            <AppenderRef ref="Console"/>
            <AppenderRef ref="RollingFile"/>
        </Root>
    </Loggers>
</Configuration>
