{
  "generation": {
    "base_package": "com.api.tests",
    "test_framework": "junit5",
    "output_structure": "by_tag"
  },
  "authentication": {
    "default_type": "bearer",
    "token_placeholder": "${API_TOKEN}"
  },
  "validation": {
    "response_time_threshold": 5000,
    "schema_validation": true,
    "strict_mode": false
  },
  "reporting": {
    "allure_integration": true,
    "test_rail_integration": false
  },
  "data_generation": {
    "use_faker": true,
    "external_data_files": true,
    "data_provider_style": "testng"
  },
  "templates": {
    "custom_templates_path": null,
    "override_default_templates": false
  },
  "build": {
    "generate_maven_pom": true,
    "generate_gradle_build": false,
    "java_version": "17"
  },
  "ci_cd": {
    "generate_github_actions": false,
    "generate_jenkins_pipeline": false
  },
  "logging": {
    "log_level": "INFO",
    "log_requests": true,
    "log_responses": true,
    "log_response_body": false
  },
  "timeouts": {
    "default_timeout_ms": 30000,
    "connection_timeout_ms": 5000,
    "read_timeout_ms": 30000
  },
  "retry": {
    "max_retries": 0,
    "retry_delay_ms": 1000,
    "retry_on_status_codes": [500, 502, 503, 504]
  }
}
