{
  "$schema": "http://json-schema.org/draft-07/schema#",
  "title": "Playwright DSL Test Suite",
  "description": "Schema for YAML-first DSL test suites",
  "type": "object",
  "required": ["suite"],
  "properties": {
    "suite": {
      "type": "object",
      "required": ["id", "tests"],
      "properties": {
        "id": {
          "type": "string",
          "description": "Unique identifier for the test suite",
          "minLength": 1
        },
        "variables": {
          "type": "object",
          "description": "Variables that can be referenced in tests using ${variableName}",
          "additionalProperties": {
            "type": "string"
          }
        },
        "tests": {
          "type": "array",
          "description": "Array of test cases",
          "minItems": 1,
          "items": {
            "$ref": "#/definitions/test"
          }
        }
      },
      "additionalProperties": false
    }
  },
  "definitions": {
    "test": {
      "type": "object",
      "required": ["id", "steps"],
      "properties": {
        "id": {
          "type": "string",
          "description": "Unique identifier for the test",
          "minLength": 1
        },
        "browser": {
          "type": "string",
          "description": "Browser type to use for this test",
          "enum": ["chromium", "firefox", "webkit"],
          "default": "chromium"
        },
        "steps": {
          "type": "array",
          "description": "Array of test steps",
          "minItems": 1,
          "items": {
            "$ref": "#/definitions/step"
          }
        }
      },
      "additionalProperties": false
    },
    "step": {
      "type": "object",
      "required": ["action"],
      "properties": {
        "action": {
          "type": "string",
          "description": "The action to perform",
          "enum": ["navigate", "click", "fill", "expect", "screenshot", "route.mock", "trace-start", "trace-stop"]
        }
      },
      "allOf": [
        {
          "if": {
            "properties": {
              "action": {
                "const": "navigate"
              }
            }
          },
          "then": {
            "required": ["url"],
            "properties": {
              "url": {
                "type": "string",
                "description": "URL to navigate to",
                "minLength": 1
              }
            }
          }
        },
        {
          "if": {
            "properties": {
              "action": {
                "const": "click"
              }
            }
          },
          "then": {
            "required": ["selector"],
            "properties": {
              "selector": {
                "type": "string",
                "description": "CSS selector for the element to click",
                "minLength": 1
              }
            }
          }
        },
        {
          "if": {
            "properties": {
              "action": {
                "const": "fill"
              }
            }
          },
          "then": {
            "required": ["selector", "value"],
            "properties": {
              "selector": {
                "type": "string",
                "description": "CSS selector for the input element",
                "minLength": 1
              },
              "value": {
                "type": "string",
                "description": "Value to fill into the input"
              }
            }
          }
        },
        {
          "if": {
            "properties": {
              "action": {
                "const": "expect"
              }
            }
          },
          "then": {
            "required": ["selector", "contains"],
            "properties": {
              "selector": {
                "type": "string",
                "description": "CSS selector for the element to check",
                "minLength": 1
              },
              "contains": {
                "type": "string",
                "description": "Text that should be contained in the element",
                "minLength": 1
              }
            }
          }
        },
        {
          "if": {
            "properties": {
              "action": {
                "const": "screenshot"
              }
            }
          },
          "then": {
            "properties": {
              "name": {
                "type": "string",
                "description": "Name for the screenshot file",
                "pattern": "^[a-zA-Z0-9._-]+\\.(png|jpg|jpeg)$"
              }
            }
          }
        },
        {
          "if": {
            "properties": {
              "action": {
                "const": "route.mock"
              }
            }
          },
          "then": {
            "required": ["pattern"],
            "properties": {
              "pattern": {
                "type": "string",
                "description": "URL pattern to intercept",
                "minLength": 1
              },
              "body": {
                "type": "string",
                "description": "Response body to return"
              }
            }
          }
        },
        {
          "if": {
            "properties": {
              "action": {
                "anyOf": [{ "const": "trace-start" }, { "const": "trace-stop" }]
              }
            }
          },
          "then": {
            "properties": {
              "name": {
                "type": "string",
                "description": "Name for the trace file"
              }
            }
          }
        }
      ],
      "additionalProperties": false
    }
  }
}
